,City,Lat,Lng,Max Temp,Humidity,Cloudiness,Wind Speed,Country,Date
0,yefira,,,,,,,,
1,rikitea,-23.1203,-134.9692,22.11,74,14,8.45,PF,1662780639
2,touros,-5.1989,-35.4608,23.11,84,0,5.76,BR,1662780640
3,narsaq,60.9167,-46.05,8.12,62,100,1.98,GL,1662780641
4,chokurdakh,70.6333,147.9167,5.16,87,100,4.6,RU,1662780642
5,ilulissat,69.2167,-51.1,6.01,75,100,0.51,GL,1662780643
6,east london,-33.0153,27.9116,13.52,100,40,1.54,ZA,1662780644
7,tasbuget,,,,,,,,
8,tasiilaq,65.6145,-37.6368,6.09,66,5,2.57,GL,1662780645
9,hobart,-42.8794,147.3294,13.48,95,100,5.66,AU,1662780425
10,mys shmidta,,,,,,,,
11,yuxia,34.0615,108.6291,25.95,66,2,2.57,CN,1662780647
12,kapaa,22.0752,-159.319,28.18,75,75,6.69,US,1662780648
13,taolanaro,,,,,,,,
14,puerto ayora,-0.7393,-90.3518,19.75,91,95,2.24,EC,1662780561
15,saint-philippe,-21.3585,55.7679,20.77,69,41,5.24,RE,1662780650
16,aksarka,66.5606,67.7975,4.38,90,100,2.51,RU,1662780651
17,baykit,61.67,96.37,5.19,97,100,0.76,RU,1662780651
18,rancho palos verdes,33.7445,-118.387,26.66,90,100,5.36,US,1662780652
19,hermanus,-34.4187,19.2345,8.78,75,88,1.09,ZA,1662780653
20,jamsa,61.8642,25.19,4.4,89,62,1.1,FI,1662780654
21,nyurba,63.2842,118.3319,6.02,61,85,5.94,RU,1662780655
22,punta arenas,-53.15,-70.9167,5.06,87,40,15.43,CL,1662780655
23,butaritari,3.0707,172.7902,27.91,68,100,6.32,KI,1662780656
24,vaitupu,,,,,,,,
25,ushuaia,-54.8,-68.3,4.81,87,40,2.06,AR,1662780658
26,yuza,39,139.9167,27.03,53,15,1.55,JP,1662780658
27,adelaide,-34.9333,138.6,16.23,61,20,7.72,AU,1662780463
28,nizhniy baskunchak,48.2198,46.8311,10.06,61,0,6.43,RU,1662780660
29,port lincoln,-34.7333,135.8667,15.1,55,99,2.35,AU,1662780661
30,hilo,19.7297,-155.09,27.85,76,0,4.12,US,1662780661
31,illoqqortoormiut,,,,,,,,
32,fairbanks,64.8378,-147.7164,12.98,72,75,3.09,US,1662780375
33,busselton,-33.65,115.3333,16.39,61,35,2,AU,1662780664
34,bredasdorp,-34.5322,20.0403,8.57,83,75,1.82,ZA,1662780665
35,pevek,69.7008,170.3133,7.82,70,19,5.51,RU,1662780665
36,albany,42.6001,-73.9662,17.47,89,0,1.02,US,1662780643
37,lebu,-37.6167,-73.65,7.48,87,1,7.23,CL,1662780406
38,esperance,-33.8667,121.9,17.3,58,8,1.82,AU,1662780668
39,bulungu,-4.55,18.6,22.64,84,96,1.75,CD,1662780668
40,bethel,41.3712,-73.414,18.84,82,0,2.06,US,1662780669
41,saskylakh,71.9167,114.0833,5.17,90,100,2.68,RU,1662780670
42,xichang,27.8964,102.2634,16.19,94,100,0.55,CN,1662780671
43,bluff,-46.6,168.3333,13.78,71,0,2.05,NZ,1662780672
44,hasaki,35.7333,140.8333,29.05,71,27,9.02,JP,1662780673
45,jumla,29.2747,82.1838,19.62,73,71,1.74,NP,1662780674
46,vilyuysk,63.7553,121.6247,4.41,66,99,6.16,RU,1662780675
47,khatanga,71.9667,102.5,2.44,81,100,4.62,RU,1662780676
48,torbay,47.6666,-52.7314,14.21,91,100,4.63,CA,1662780677
49,wajima,37.4,136.9,29.38,61,75,4.12,JP,1662780677
50,katsuura,35.1333,140.3,26.35,71,65,9.45,JP,1662780678
51,coihaique,-45.5752,-72.0662,7.97,71,75,3.09,CL,1662780679
52,bay roberts,47.5999,-53.2648,14.63,86,100,4.02,CA,1662780680
53,sabla,12.7525,4.7077,23.83,88,80,2.09,NG,1662780681
54,atuona,-9.8,-139.0333,24.77,77,29,11.97,PF,1662780682
55,vacaria,-28.5122,-50.9339,11.78,98,100,3.53,BR,1662780683
56,anchorage,61.2181,-149.9003,11.66,81,100,9.26,US,1662780568
57,bijar,35.8668,47.6051,16.5,36,0,1.49,IR,1662780684
58,barrow,71.2906,-156.7887,2.01,93,100,9.26,US,1662780685
59,new norfolk,-42.7826,147.0587,13.29,90,100,1.37,AU,1662780686
60,mahebourg,-20.4081,57.7,21.25,73,75,5.66,MU,1662780687
61,severo-kurilsk,50.6789,156.125,13.05,71,1,7.93,RU,1662780688
62,nalut,30.3333,10.85,25.26,37,0,4.44,LY,1662780689
63,along,28.1667,94.7667,29.64,53,85,0.18,IN,1662780689
64,yeppoon,-23.1333,150.7333,27.88,33,3,0.42,AU,1662780690
65,saldanha,-33.0117,17.9442,13.26,93,43,4.11,ZA,1662780691
66,belushya guba,,,,,,,,
67,ishinomaki,38.4167,141.3,26,67,12,4.75,JP,1662780693
68,longyearbyen,78.2186,15.6401,1.91,93,100,7.72,SJ,1662780693
69,cidreira,-30.1811,-50.2056,12.29,85,100,7.97,BR,1662780694
70,mataura,-46.1927,168.8643,13.6,57,3,0.33,NZ,1662780695
71,tuktoyaktuk,69.4541,-133.0374,8,81,100,8.75,CA,1662780696
72,sao filipe,14.8961,-24.4956,25.83,85,53,2.31,CV,1662780697
73,te anau,-45.4167,167.7167,10.74,72,3,0.23,NZ,1662780697
74,la ronge,55.1001,-105.2842,9.14,71,75,2.57,CA,1662780624
75,nemuro,43.3236,145.575,18.03,67,0,4.93,JP,1662780699
76,yellowknife,62.456,-114.3525,7.29,81,75,2.57,CA,1662780700
77,kodiak,57.79,-152.4072,14.73,44,20,4.63,US,1662780701
78,san jose,37.3394,-121.895,28.72,55,40,4.63,US,1662780217
79,dargaville,-35.9333,173.8833,14.69,70,12,3.29,NZ,1662780702
80,padang,-0.9492,100.3543,28.03,61,100,1.16,ID,1662780643
81,daru,-9.0763,143.2092,28.61,72,31,5.52,PG,1662780703
82,marsh harbour,26.5412,-77.0636,29.59,71,29,2.92,BS,1662780704
83,egvekinot,66.3167,-179.1667,5.42,66,1,1.17,RU,1662780705
84,georgetown,5.4112,100.3354,30.96,73,20,3.6,MY,1662780647
85,castro,-24.7911,-50.0119,21.41,59,95,3.09,BR,1662780706
86,chuy,-33.6971,-53.4616,8.77,61,100,5.56,UY,1662780707
87,shaoxing,30.011,120.5715,27.97,52,96,2.73,CN,1662780708
88,chicama,-7.8447,-79.1469,15.3,86,59,2.87,PE,1662780709
89,qaqortoq,60.7167,-46.0333,8.68,66,100,2.08,GL,1662780710
90,sentyabrskiy,,,,,,,,
91,grindavik,63.8424,-22.4338,13.97,100,100,3.09,IS,1662780711
92,hobyo,5.3505,48.5268,24.76,81,89,8.56,SO,1662780712
93,bet shemesh,31.7496,34.9888,22.54,66,0,1.62,IL,1662780713
94,sitka,57.0531,-135.33,12.94,88,100,1.54,US,1662780714
95,araouane,18.9048,-3.5265,33.13,34,62,7.04,ML,1662780714
96,olafsvik,64.8945,-23.7142,11.73,85,96,4.9,IS,1662780715
97,antalaha,-14.9003,50.2788,20.08,76,11,2.54,MG,1662780716
98,soverato,38.685,16.5499,24.97,84,17,5.14,IT,1662780717
99,nola,40.922,14.5329,23.68,89,53,1.09,IT,1662780718
100,provideniya,64.3833,-173.3,10.1,64,10,4.08,RU,1662780719
101,turukhansk,65.8167,87.9833,3.78,77,95,2.13,RU,1662780720
102,bathsheba,13.2167,-59.5167,28.34,78,75,5.14,BB,1662780700
103,naantali,60.4674,22.0243,11.59,100,75,1.54,FI,1662780721
104,kasongo-lunda,-6.4667,16.8167,22.01,81,51,1.31,CD,1662780723
105,mutis,6.2262,-77.4044,25.25,89,99,0.99,CO,1662780724
106,ribeira brava,32.65,-17.0667,24.28,80,19,0.55,PT,1662780725
107,dunedin,-45.8742,170.5036,10.45,77,14,0.89,NZ,1662780604
108,port alfred,-33.5906,26.891,14.54,97,4,0.45,ZA,1662780606
109,kamloops,50.6665,-120.3192,18.55,41,20,0,CA,1662780602
110,mayo,38.8876,-76.5119,22.19,87,15,0.45,US,1662780729
111,deputatskiy,69.3,139.9,2.97,96,100,1.22,RU,1662780730
112,cape town,-33.9258,18.4232,12.84,84,0,1.03,ZA,1662780468
113,tashtyp,52.7939,89.8983,14.96,44,5,1.25,RU,1662780732
114,milkovo,54.7167,158.6167,12.11,67,98,4.8,RU,1662780733
115,saint-georges,12.0564,-61.7485,27.82,78,20,6.69,GD,1662780545
116,sambava,-14.2667,50.1667,19.94,77,15,3.38,MG,1662780735
117,saint-joseph,-21.3667,55.6167,23.04,67,41,4.93,RE,1662780736
118,mar del plata,-38.0023,-57.5575,7.19,75,40,4.92,AR,1662780737
119,mbeya,-8.9,33.45,11.66,83,28,2.12,TZ,1662780738
120,bintulu,3.1667,113.0333,29.23,74,20,1.54,MY,1662780739
121,geraldton,-28.7667,114.6,21.23,49,2,4.63,AU,1662780647
122,houston,29.7633,-95.3633,27.97,74,75,3.6,US,1662780450
123,kaitangata,-46.2817,169.8464,10.62,71,2,2.21,NZ,1662780745
124,pangody,65.85,74.4859,5.7,65,100,4.44,RU,1662780746
125,zakamensk,50.3741,103.2863,9.68,88,100,1.43,RU,1662780747
126,ho,,,,,,,,
127,qaanaaq,77.484,-69.3632,-1.19,58,17,3.34,GL,1662780750
128,klaksvik,62.2266,-6.589,8.51,85,12,3.78,FO,1662780751
129,ust-ilimsk,58.0006,102.6619,12.05,53,58,3.52,RU,1662780752
130,souillac,-20.5167,57.5167,21.21,73,75,5.66,MU,1662780753
131,carnarvon,-24.8667,113.6333,20.81,52,0,5.69,AU,1662780754
132,cherskiy,68.75,161.3,11.16,73,100,5.33,RU,1662780755
133,cabo san lucas,22.8909,-109.9124,27.01,84,68,2.68,MX,1662780517
134,mopipi,-21.1833,24.8833,16.3,35,0,3.61,BW,1662780756
135,ribeira grande,38.5167,-28.7,23.02,73,8,9.73,PT,1662780757
136,mandera,3.9366,41.867,23.94,57,97,5.89,KE,1662780758
137,lensk,60.7253,114.9278,9.58,54,46,4.98,RU,1662780759
138,zheleznodorozhnyy,55.7503,38.0042,4.01,65,0,1.52,RU,1662780759
139,tiksi,71.6872,128.8694,3.76,97,100,4.29,RU,1662780761
140,manjacaze,-24.7117,33.8828,14.19,96,0,2.72,MZ,1662780762
141,vaini,-21.2,-175.2,26.09,83,75,3.09,TO,1662780763
142,fengcheng,40.4536,124.0717,24.86,65,100,1.14,CN,1662780765
143,nikolskoye,59.7035,30.7861,3.94,90,10,1.84,RU,1662780766
144,platonovka,52.7106,41.952,4.6,70,3,2.45,RU,1662780767
145,xai-xai,-25.0519,33.6442,15.87,88,0,3.68,MZ,1662780768
146,methoni,36.8197,21.7049,22.9,85,0,5.51,GR,1662780769
147,dwarka,22.2394,68.9678,29.84,76,100,2.62,IN,1662780770
148,salalah,17.0151,54.0924,25.05,94,75,1.03,OM,1662780771
149,guerrero negro,27.9769,-114.0611,25.12,75,7,4.93,MX,1662780771
150,samarai,-10.6167,150.6667,28.13,75,3,3.78,PG,1662780772
151,san ramon,37.7799,-121.978,28.65,55,0,5.14,US,1662780743
152,vao,-22.6667,167.4833,22.84,81,66,5.67,NC,1662780777
153,sola,-13.8833,167.55,29.37,74,40,2.57,VU,1662780778
154,zarubino,42.63,131.0922,20.07,64,30,4.03,RU,1662780779
155,thompson,55.7435,-97.8558,9.09,87,75,3.6,CA,1662780780
156,rio gallegos,-51.6226,-69.2181,8.03,57,40,3.6,AR,1662780781
157,batagay,67.6333,134.6333,11.77,51,87,4.99,RU,1662780783
158,clyde river,70.4692,-68.5914,3.13,100,100,2.06,CA,1662780784
159,jamestown,42.097,-79.2353,20.95,61,0,2.57,US,1662780726
160,haines junction,60.7522,-137.5108,8.97,57,32,2.57,CA,1662780786
161,upernavik,72.7868,-56.1549,5.75,91,100,1.1,GL,1662780487
162,port hardy,50.6996,-127.4199,12.1,94,0,3.09,CA,1662780624
163,hofn,64.2539,-15.2082,11.4,97,100,4.01,IS,1662780789
164,omsukchan,62.5333,155.8,5.62,94,100,1.36,RU,1662780790
165,amderma,,,,,,,,
166,neuquen,-38.9516,-68.0591,4.94,65,0,0,AR,1662780672
167,inowroclaw,52.7989,18.2639,14.96,95,100,2.94,PL,1662780793
168,luoyang,34.6836,112.4536,25.99,55,37,2.05,CN,1662780794
169,palabuhanratu,,,,,,,,
170,arraial do cabo,-22.9661,-42.0278,20.91,86,0,12.67,BR,1662780796
171,plettenberg bay,-34.0527,23.3716,13.02,89,52,1.61,ZA,1662780797
172,saint george,37.1041,-113.5841,32.33,34,0,5.66,US,1662780798
173,manzanillo,20.3433,-77.1167,25.8,83,14,0.83,CU,1662780799
174,san antero,9.3741,-75.7589,26.45,83,81,2.67,CO,1662780800
175,tual,-5.6667,132.75,27.2,81,80,7.79,ID,1662780801
176,la palma,33.8464,-118.0467,28.49,92,100,5.66,US,1662780802
177,cowra,-33.8333,148.6833,10.53,97,100,4.74,AU,1662780766
178,los llanos de aridane,28.6585,-17.9182,21.86,96,0,4.63,ES,1662780804
179,irtyshskiy,58.3333,68.1333,8.05,89,74,2.09,RU,1662780805
180,kontagora,10.3999,5.4695,21.02,98,70,1.15,NG,1662780806
181,bengkulu,-3.8004,102.2655,23.98,88,100,1.29,ID,1662780807
182,mazagao,-0.115,-51.2894,29.03,91,58,1.78,BR,1662780808
183,kelso,46.1468,-122.9084,25.95,48,0,3.6,US,1662780802
184,hambantota,6.1241,81.1185,30.19,74,20,6.17,LK,1662780810
185,suleja,9.1758,7.1808,23.55,94,96,0.12,NG,1662780811
186,dingle,10.9995,122.6711,29.2,77,100,4.14,PH,1662780812
187,palmer,42.1584,-72.3287,18.28,84,0,0,US,1662780702
188,svetlogorsk,52.6333,29.7333,5.73,61,100,4.32,BY,1662780813
189,yulara,-25.2406,130.9889,19.11,39,100,7.74,AU,1662780814
190,mata,40.683,-7.4592,17.09,75,5,0.61,PT,1662780816
191,yar-sale,66.8333,70.8333,4.6,89,100,2.83,RU,1662780820
192,jiuquan,39.7432,98.5174,29.96,8,0,5.87,CN,1662780821
193,nirasaki,35.7,138.45,31.38,57,59,1.34,JP,1662780823
194,sur,22.5667,59.5289,29.68,55,56,0.32,OM,1662780825
195,porbandar,21.6422,69.6093,28.33,82,100,1.41,IN,1662780612
196,airai,-8.9266,125.4092,27.53,27,1,1.33,TL,1662780828
197,aklavik,68.2191,-135.0107,8.32,75,100,1.49,CA,1662780829
198,bria,6.5423,21.9863,19.61,96,99,0.69,CF,1662780830
199,luderitz,-26.6481,15.1594,15.88,62,0,6.24,NA,1662780831
200,malwan,,,,,,,,
201,calatayud,41.3535,-1.6432,16.21,56,12,0.54,ES,1662780834
202,walvis bay,-22.9575,14.5053,9.53,100,0,2.57,NA,1662780835
203,cerro punta,8.85,-82.5667,13.17,97,99,0.75,PA,1662780839
204,carikar,,,,,,,,
205,saint-pierre,-21.3393,55.4781,23.65,60,0,1.54,RE,1662780842
206,krasnoselkup,65.7,82.4667,5.83,56,92,3.12,RU,1662780843
207,fortuna,40.5982,-124.1573,17.83,79,0,1.49,US,1662780843
208,zeya,53.75,127.2667,20.95,64,76,2.44,RU,1662780844
209,ankpa,7.3706,7.6253,21.34,98,100,1.82,NG,1662780845
210,kaeo,-35.1,173.7833,15.54,62,15,1.7,NZ,1662780847
211,avarua,-21.2078,-159.775,25.03,83,40,7.2,CK,1662780848
212,bonavista,48.6499,-53.1147,13.03,85,100,4.81,CA,1662780849
213,sedelnikovo,,,,,,,,
214,lompoc,34.6391,-120.4579,28.16,70,0,2.06,US,1662780769
215,norman wells,65.282,-126.8329,13.02,67,75,2.57,CA,1662780852
216,bereslavka,48.6254,44.0449,4.43,72,1,4.97,RU,1662780853
217,sisimiut,66.9395,-53.6735,6.66,88,99,4.28,GL,1662780854
218,zabol,32.25,67.25,24.27,17,0,0.7,AF,1662780855
219,kedrovyy,56.1667,91.8167,8.23,52,79,3.21,RU,1662780857
220,brae,60.3964,-1.353,10.49,84,94,2.88,GB,1662780857
221,beyneu,45.3167,55.2,17.37,42,11,8.16,KZ,1662780858
222,vardo,70.3705,31.1107,8.99,87,100,5.14,NO,1662780859
223,montrose,38.4166,-108.2673,20.67,36,8,2.02,US,1662780860
224,pochutla,15.7432,-96.4661,24.9,91,82,0.73,MX,1662780861
225,orotukan,62.2667,151.7,9.57,74,100,4.4,RU,1662780862
226,koutiala,12.3917,-5.4642,22.4,93,100,2.4,ML,1662780863
227,yirol,,,,,,,,
228,broome,42.2506,-75.833,19.21,82,0,2.57,US,1662780864
229,uwajima,33.2238,132.56,28.44,73,81,0.87,JP,1662780865
230,ca mau,9.1769,105.15,29.69,70,61,3.83,VN,1662780610
231,port hedland,-20.3167,118.5667,28.03,28,0,6.69,AU,1662780866
232,ocos,14.5094,-92.1933,25.1,74,72,1.39,GT,1662780867
233,muravlenko,63.7898,74.523,5.18,60,97,1.65,RU,1662780868
234,bambous virieux,-20.3428,57.7575,21.23,73,75,5.66,MU,1662780869
235,aksu,41.1231,80.2644,30.26,14,8,1.62,CN,1662780870
236,astana,51.1801,71.446,12.97,44,0,4,KZ,1662780870
237,rabat,33.9911,-6.8401,20.09,100,100,0,MA,1662780871
238,sciacca,37.5082,13.0881,25.02,81,2,2.19,IT,1662780872
239,kizema,61.113,44.8302,6.12,95,96,1.48,RU,1662780873
240,kruisfontein,-34.0033,24.7314,14.38,95,10,1.42,ZA,1662780874
241,roald,62.5833,6.1333,11.53,100,20,3.09,NO,1662780875
242,haftoni,38.7632,48.7622,19.84,88,100,0,AZ,1662780875
243,la rioja,42.25,-2.5,9.88,76,12,1.64,ES,1662780876
244,umm lajj,25.0213,37.2685,29.25,63,0,2.88,SA,1662780877
245,maykain,,,,,,,,
246,felidhoo,,,,,,,,
247,vostok,46.4856,135.8833,21.21,40,0,1.55,RU,1662780879
248,ondjiva,-17.0667,15.7333,15.45,24,0,2.01,AO,1662780880
249,kokopo,-4.352,152.2633,30.64,57,20,5.09,PG,1662780880
250,mogadishu,2.0371,45.3438,24.93,78,40,5.66,SO,1662780881
251,idrinskoye,54.3708,92.1358,14.18,53,76,2.17,RU,1662780882
252,bharatpur,27.2167,77.4833,34.18,48,15,3.67,IN,1662780883
253,mentok,,,,,,,,
254,winnemucca,40.973,-117.7357,20.03,10,0,2.57,US,1662780884
255,ambon,-3.6954,128.1814,27.08,89,75,3.6,ID,1662780784
256,port elizabeth,-33.918,25.5701,15.61,100,20,1.03,ZA,1662780886
257,hualmay,-11.0964,-77.6139,15.49,83,27,4.57,PE,1662780887
258,santa clarita,34.3917,-118.5426,28.74,68,75,2.57,US,1662780887
259,fallon,39.4735,-118.7774,26.36,21,75,2.06,US,1662780888
260,zyryanka,65.75,150.85,8.46,75,100,1.77,RU,1662780889
261,hithadhoo,-0.6,73.0833,27.76,72,87,5.26,MV,1662780890
262,natal,-5.795,-35.2094,24.12,88,40,2.57,BR,1662780891
263,ashdod,31.8167,34.65,24.16,79,0,1.27,IL,1662780891
264,cayenne,4.9333,-52.3333,23.02,94,0,0,GF,1662780892
265,puerto ayacucho,5.6639,-67.6236,22.95,93,79,1.88,VE,1662780893
266,bagdarin,54.4333,113.6,11.66,64,90,2.88,RU,1662780894
267,north platte,41.1239,-100.7654,13.94,75,100,4.92,US,1662780656
268,ambulu,-8.345,113.6058,29.27,68,88,2.9,ID,1662780895
269,dandong,40.1292,124.3947,25.55,61,100,0.79,CN,1662780896
270,havoysund,70.9963,24.6622,9.13,87,100,10.69,NO,1662780897
271,san luis,-33.295,-66.3356,6.53,32,0,2.36,AR,1662780691
272,san pedro,14.35,121.0167,26.86,100,100,1.54,PH,1662780898
273,mount isa,-20.7333,139.5,28.87,17,0,3.6,AU,1662780899
274,mareeba,-17,145.4333,30.24,57,28,3.79,AU,1662780900
275,abha,18.2164,42.5053,18.14,30,0,0,SA,1662780659
276,faya,18.3851,42.4509,18.29,30,97,1.4,SA,1662780901
277,celestun,20.8667,-90.4,26.12,83,20,0.84,MX,1662780902
278,pathein,16.7833,94.7333,27.76,78,96,3.95,MM,1662780770
279,iqaluit,63.7506,-68.5145,3.85,100,100,10.29,CA,1662780904
280,ponta do sol,32.6667,-17.1,24.28,78,17,0.58,PT,1662780905
281,beloha,-25.1667,45.05,18.2,63,0,2.73,MG,1662780906
282,harnosand,62.6323,17.9379,9,81,32,1.86,SE,1662780907
283,astoria,46.1879,-123.8313,23.73,46,0,6.69,US,1662780668
284,wladyslawowo,54.7909,18.4009,13.3,92,96,5.75,PL,1662780908
285,puntarenas,9.9763,-84.8384,24.32,95,100,1.37,CR,1662780708
286,buerarema,-14.9594,-39.2997,16.08,94,0,0.73,BR,1662780910
287,bokoro,12.3807,17.0568,23.79,83,100,3.12,TD,1662780911
288,nakskov,54.8373,11.1284,13.95,86,98,2.54,DK,1662780912
289,amga,60.8953,131.9608,11.09,46,78,4.88,RU,1662780913
290,jieshou,33.2634,115.3611,29.08,45,36,2.38,CN,1662780914
291,pouembout,-21.1333,164.9,26.58,67,23,0.18,NC,1662780915
292,taoudenni,22.6783,-3.9836,34.34,13,62,2.82,ML,1662780916
293,pangnirtung,66.1451,-65.7125,10.46,75,100,4.71,CA,1662780917
294,nizhneyansk,,,,,,,,
295,skjervoy,70.0311,20.9714,11,92,100,6.99,NO,1662780919
296,mehamn,71.0357,27.8492,8.97,87,75,6.69,NO,1662780919
297,esil,51.9556,66.4042,15.85,33,100,6.01,KZ,1662780920
298,huarmey,-10.0681,-78.1522,16.21,83,37,4.22,PE,1662780921
299,grand river south east,,,,,,,,
300,tumut,-35.3,148.2167,11.98,93,98,2.18,AU,1662780923
301,troitskoye,52.9821,84.6757,16.59,29,29,2.42,RU,1662780924
302,shahr-e babak,30.1165,55.1186,24.94,13,0,1.32,IR,1662780924
303,esparta,15.7437,-87.1766,26.08,88,100,0.82,HN,1662780925
304,san quintin,30.4833,-115.95,23.59,82,100,9.26,MX,1662780887
305,tchaourou,8.8865,2.5975,21.51,99,100,1.32,BJ,1662780927
306,karratha,-20.7377,116.8463,26.06,33,0,4.88,AU,1662780928
307,asfi,32.2994,-9.2372,21.24,92,100,5.51,MA,1662780928
308,zhongshu,24.5167,103.7667,19.57,84,100,1.64,CN,1662780929
309,kropotkin,45.4375,40.5756,13.66,50,35,5.85,RU,1662780930
310,rawannawi,,,,,,,,
311,attawapiskat,,,,,,,,
312,isshiki,,,,,,,,
313,pilar,-9.5972,-35.9567,21.96,96,88,1.55,BR,1662780933
314,zalantun,48,122.7167,31.73,27,40,5.54,CN,1662780723
315,ucluelet,48.9329,-125.5528,16.72,75,0,1.98,CA,1662780934
316,northam,51.0333,-4.2167,15.9,92,9,4.23,GB,1662780935
317,tazovskiy,67.4667,78.7,3.49,96,100,4.75,RU,1662780936
318,gradistea,44.2333,27.2167,21.73,69,60,2.24,RO,1662780936
319,cap-chat,49.1001,-66.6821,13,94,24,2.06,CA,1662780937
320,ouegoa,-20.35,164.4333,26.41,70,1,3.43,NC,1662780938
321,kavieng,-2.5744,150.7967,28.68,72,100,4.66,PG,1662780939
322,mehendiganj,22.8167,90.5333,29.31,76,100,4.88,BD,1662780940
323,billings,45.7833,-108.5007,11.87,68,20,2.06,US,1662780846
324,noshiro,40.2039,140.0242,27.46,48,1,1.74,JP,1662780941
325,leningradskiy,69.3833,178.4167,7.62,60,12,4.85,RU,1662780942
326,labutta,,,,,,,,
327,srednekolymsk,67.45,153.6833,6.07,91,100,3.47,RU,1662780943
328,aanekoski,62.6946,25.818,6.59,100,44,1.7,FI,1662780944
329,athabasca,54.7169,-113.2854,8.23,51,89,1.56,CA,1662780945
330,barentsburg,,,,,,,,
331,mwinilunga,-11.7358,24.4293,15.54,42,92,2.13,ZM,1662780857
332,tuatapere,-46.1333,167.6833,11.75,63,2,1.11,NZ,1662780706
333,port-gentil,-0.7193,8.7815,24.45,85,100,6.23,GA,1662780948
334,camopi,3.1655,-52.3158,21.29,99,86,0.93,GF,1662780948
335,varazdin,46.3044,16.3378,16,80,87,1.23,HR,1662780949
336,oranjestad,12.524,-70.027,28.97,79,20,8.75,AW,1662780950
337,atambua,-9.1061,124.8925,30.51,44,30,1.73,ID,1662780951
338,saint anthony,45.0205,-93.218,15.96,94,0,3.6,US,1662780952
339,nantucket,41.2835,-70.0995,18.06,88,0,2.06,US,1662780860
340,kuryk,43.2,51.65,20.42,37,90,3.63,KZ,1662780953
341,lakes entrance,-37.8811,147.981,16.2,61,96,8.17,AU,1662780954
342,nioro,13.35,-15.75,23.23,97,73,2.63,GM,1662780955
343,husavik,66.0449,-17.3389,11.62,79,98,3.27,IS,1662780955
344,oktyabrskoye,43.0645,44.7417,14.15,53,80,0.68,RU,1662780956
345,khandyga,62.6667,135.6,7.92,89,98,4.88,RU,1662780957
346,ostrovnoy,68.0531,39.5131,9.05,85,100,4.29,RU,1662780958
347,byron bay,-28.65,153.6167,24.84,43,23,1.77,AU,1662780880
348,povolzhskiy,53.5854,49.7629,5.79,72,23,4.68,RU,1662780959
349,alofi,-19.0595,-169.9187,24.49,72,36,9,NU,1662780960
350,sao miguel do araguaia,-13.275,-50.1628,25.47,28,0,2.27,BR,1662780961
351,wangdiphodrang,,,,,,,,
352,santa fe,-31.6333,-60.7,11.11,49,0,0.89,AR,1662780962
353,fevralsk,,,,,,,,
354,zharkent,44.1628,80,27.82,25,48,4.18,KZ,1662780964
355,polis,35.0367,32.4264,20.9,55,0,0.53,CY,1662780965
356,businga,3.3333,20.8833,20.7,99,100,1.02,CD,1662780966
357,zonguldak,41.25,31.8333,14.07,64,0,2.01,TR,1662780966
358,brigantine,39.4101,-74.3646,21.68,83,0,1.34,US,1662780967
359,abnub,27.2696,31.1511,24.12,59,0,4.83,EG,1662780968
360,siraha,26.6541,86.2087,29.69,67,100,2.8,NP,1662780969
361,baiyin,36.5583,104.2081,22.73,25,0,0.75,CN,1662780970
362,shangrao,28.4532,117.9686,32.11,40,73,1.73,CN,1662780929
363,itarema,-2.9248,-39.9167,24.91,82,2,7.18,BR,1662780917
364,grinnell,41.743,-92.7224,20.99,86,100,3.6,US,1662780972
365,solovetskiy,,,,,,,,
366,adrar,20.5022,-10.0711,32.85,23,42,6.03,MR,1662780973
367,nexo,55.0607,15.1306,13.05,87,92,4.69,DK,1662780974
368,olavarria,-36.8927,-60.3225,3.9,71,0,1.94,AR,1662780975
369,koundara,12.4833,-13.3,22.28,98,86,2.17,GN,1662780976
370,kibiti,-7.7218,38.9375,19.73,92,74,0.56,TZ,1662780977
371,fukue,32.6881,128.8419,28.2,74,75,3.09,JP,1662780978
372,joshimath,30.5667,79.5667,23.34,73,63,2.09,IN,1662780978
373,kloulklubed,7.0419,134.2556,29.28,64,85,0.45,PW,1662780979
374,dayong,25.0209,118.2898,31.67,53,17,1.4,CN,1662780980
375,ahipara,-35.1667,173.1667,14.94,64,20,2.14,NZ,1662780981
376,kirakira,-10.4544,161.9205,27.69,77,42,4.69,SB,1662780982
377,yerbogachen,61.2767,108.0108,8.07,69,98,4.93,RU,1662780983
378,faanui,-16.4833,-151.75,26.12,72,6,9.75,PF,1662780768
379,dajal,29.5577,70.3762,34.84,36,0,1.24,PK,1662780984
380,puerto el triunfo,13.2833,-88.55,28.51,85,100,1.2,SV,1662780985
381,bonthe,7.5264,-12.505,24.38,88,100,2.2,SL,1662780986
382,jabiru,,,,,,,,
383,aswan,24.0934,32.907,27.61,34,0,2.06,EG,1662780987
384,san patricio,28.017,-97.5169,28.27,70,1,3.43,US,1662780839
385,tautira,-17.7333,-149.15,25.13,77,22,10.34,PF,1662780989
386,akdepe,42.0551,59.3788,20.05,29,99,5.5,TM,1662780990
387,sedalia,38.7045,-93.2283,21.84,72,0,2.24,US,1662780990
388,tolbazy,54.0241,55.8825,7.38,92,100,5.16,RU,1662780991
389,dawlatabad,36.4141,64.9053,26.56,26,0,1.13,AF,1662780992
390,tamara,14.15,-87.3333,16.86,100,100,0,HN,1662780993
391,toliary,,,,,,,,
392,tsabong,-26.0217,22.401,17.7,24,0,3,BW,1662780994
393,willmar,45.1219,-95.0433,14.97,82,0,0,US,1662780878
394,pishin,30.5803,66.9961,26.89,29,0,0.82,PK,1662780996
395,acapulco,16.8634,-99.8901,26.9,83,100,2.57,MX,1662780726
396,college,64.8569,-147.8028,12.97,70,75,3.09,US,1662780997
397,banda aceh,5.5577,95.3222,29.48,61,63,3.49,ID,1662780661
398,uberlandia,-18.9186,-48.2772,23.56,33,0,3.6,BR,1662780998
399,puerto escondido,15.85,-97.0667,26.46,65,75,3.09,MX,1662780999
400,comodoro rivadavia,-45.8667,-67.5,10.92,54,0,4.12,AR,1662780932
401,miguel auza,24.2933,-103.4503,18.01,52,100,1.85,MX,1662781001
402,marcona,,,,,,,,
403,ancud,-41.8697,-73.8203,6.55,94,27,1.64,CL,1662781002
404,aripuana,-9.1667,-60.6333,25.9,58,75,0.17,BR,1662781003
405,pozo colorado,-23.4923,-58.7972,16.7,69,3,4.68,PY,1662781004
406,victoria,22.2855,114.1577,32.03,67,81,3.58,HK,1662781004
407,saurimo,-9.6608,20.3916,18.24,44,77,0.66,AO,1662781005
408,arzgir,45.3728,44.2206,13.64,43,93,3.97,RU,1662781006
409,taksimo,56.3444,114.8794,12.82,48,95,1.42,RU,1662781007
410,terney,45.0503,136.6092,20.42,48,0,2.65,RU,1662781008
411,boa vista,2.8197,-60.6733,25.99,83,20,1.03,BR,1662781009
412,parakou,9.3372,2.6303,21.52,98,100,1.75,BJ,1662781010
413,lolua,,,,,,,,
414,darhan,49.4867,105.9228,14.47,59,100,7.5,MN,1662781011
415,ntcheu,-14.8203,34.6359,14.45,60,0,1.39,MW,1662781012
416,ouadda,8.0777,22.4007,19.66,98,100,0.99,CF,1662781013
417,tutoia,-2.7619,-42.2744,25.58,79,19,4.8,BR,1662781014
418,nurlat,54.4277,50.8051,6.65,74,39,4.24,RU,1662781015
419,sibiti,-3.6819,13.3499,19.65,95,78,0.98,CG,1662781015
420,salinas,36.6777,-121.6555,20.34,79,0,3.6,US,1662780872
421,sao joao da barra,-21.6403,-41.0511,20.86,83,0,8.78,BR,1662781017
422,tadine,-21.55,167.8833,24.47,78,8,4.08,NC,1662781018
423,tsihombe,,,,,,,,
424,severomorsk,69.0689,33.4162,8.22,90,91,3.22,RU,1662781020
425,zhitikara,,,,,,,,
426,batagay-alyta,67.8006,130.4114,9.55,47,100,5.56,RU,1662781021
427,chaman,30.9236,66.4512,30.06,14,0,1.87,PK,1662781022
428,tumannyy,,,,,,,,
429,helong,42.5397,128.9972,25.99,54,42,2.17,CN,1662781024
430,stokmarknes,68.5646,14.9108,8.99,93,75,3.09,NO,1662781025
431,beira,-19.8436,34.8389,18.84,93,11,2.21,MZ,1662781025
432,muisne,0.6,-80.0333,22.94,85,100,2.86,EC,1662781026
433,mount gambier,-37.8333,140.7667,12.17,63,56,4.69,AU,1662781027
434,sinnamary,5.3833,-52.95,25.11,88,100,4.54,GF,1662781028
435,kutum,14.2,24.6667,22.72,60,100,1.83,SD,1662781029
436,atasu,48.6814,71.6433,18.66,19,39,3.47,KZ,1662781029
437,laguna,38.421,-121.4238,35.08,33,0,3.6,US,1662780755
438,auki,-8.7676,160.7034,29.65,59,55,1.23,SB,1662781031
439,laiagam,,,,,,,,
440,nara,34.6851,135.8049,30.65,66,68,1.22,JP,1662781033
441,imbituba,-28.24,-48.6703,15.28,89,99,8.5,BR,1662780981
442,moosomin,50.1333,-101.6677,8.73,52,60,3.03,CA,1662781035
443,eyl,7.9803,49.8164,26.2,57,89,9.02,SO,1662781036
444,valparaiso,-33.0393,-71.6273,12.78,92,0,1.54,CL,1662781037
445,fort nelson,58.8053,-122.7002,10.77,82,20,1.54,CA,1662781037
446,solnechnyy,50.7214,136.6319,22.43,50,23,3.52,RU,1662781038
447,bairiki,1.3292,172.9752,30,66,20,5.66,KI,1662780890
448,guskhara,23.5,87.75,31.33,65,99,4.26,IN,1662781040
449,namanyere,-7.5167,31.05,16.1,61,24,3.25,TZ,1662781041
450,miles city,46.4083,-105.8406,12.54,58,75,3.09,US,1662781042
451,chabahar,25.2919,60.643,28.38,71,24,2.51,IR,1662781043
452,vila velha,-20.3297,-40.2925,22.97,76,0,5.66,BR,1662781043
453,nome,64.5011,-165.4064,10.09,76,40,7.72,US,1662781044
454,talnakh,69.4865,88.3972,2.17,99,100,1.9,RU,1662781045
455,teguldet,57.3064,88.1667,12.59,54,93,2.74,RU,1662781046
456,quatre cocos,-20.2078,57.7625,21.16,74,93,7.24,MU,1662780953
457,khandbari,27.3747,87.2039,24.92,72,94,0.63,NP,1662781048
458,yate,51.5407,-2.4184,15.07,94,14,1.62,GB,1662780782
459,akyab,20.15,92.9,26.44,90,100,5.99,MM,1662781050
460,nenjiang,49.1833,125.2167,31.29,28,3,10.17,CN,1662781050
461,oktyabrskiy,54.4815,53.471,6.46,72,79,5.19,RU,1662781051
462,charlestown,-32.95,151.6667,20.62,64,42,3.58,AU,1662781052
463,kahului,20.8947,-156.47,29.01,76,100,8.75,US,1662780983
464,dolbeau,,,,,,,,
465,mimongo,-1.6195,11.6068,20.49,95,100,1.21,GA,1662781054
466,chizhou,30.6578,117.4831,28.86,48,95,3.61,CN,1662781055
467,palmas,-10.2128,-48.3603,25.93,50,20,1.54,BR,1662780758
468,laon,49.5667,3.6667,14.08,93,89,5.84,FR,1662781057
469,samusu,,,,,,,,
470,gold coast,-28,153.4333,26.25,63,100,4.12,AU,1662780726
471,coffs harbour,-30.3,153.1333,25.07,49,100,4.12,AU,1662781059
472,vila franca do campo,37.7167,-25.4333,22.33,87,54,6.41,PT,1662781060
473,taitung,22.7583,121.1444,29.15,58,0,3.6,TW,1662781061
474,itoman,26.1247,127.6694,31.01,68,75,6.17,JP,1662781062
475,saint-nazaire,47.2833,-2.2,15.58,93,0,1.03,FR,1662781063
476,tiznit,29.5833,-9.5,24.05,48,6,0.39,MA,1662781064
477,balykshi,47.0667,51.8667,8,81,6,5,KZ,1662781064
478,kadyy,57.787,43.1903,8.03,72,99,2.06,RU,1662781065
479,sorong,-0.8833,131.25,27.81,75,60,0.62,ID,1662781066
480,jensen beach,27.2545,-80.2298,26.68,93,0,2.09,US,1662781067
481,moose factory,51.2585,-80.6094,11,100,100,1.54,CA,1662781068
482,vilhena,-12.7406,-60.1458,27.06,37,92,1.41,BR,1662781068
483,satitoa,,,,,,,,
484,teyateyaneng,-29.1472,27.7489,9.85,19,0,2,LS,1662781070
485,smithers,54.7804,-127.1743,12.18,82,0,1.54,CA,1662781071
486,moramanga,-18.9333,48.2,11.84,86,11,0.82,MG,1662781072
487,meulaboh,4.1363,96.1285,28.87,63,47,0.78,ID,1662781072
488,berdigestyakh,62.0989,126.6992,5.44,68,93,5.08,RU,1662780955
489,bentiu,9.2333,29.8333,21.76,96,98,1.02,SS,1662781074
490,zambrano,9.7472,-74.8153,24.76,94,88,1.83,CO,1662781075
491,antigonish,45.6169,-61.9986,16.09,86,5,2.76,CA,1662780845
492,takoradi,4.8845,-1.7554,23.31,92,87,3.83,GH,1662781076
493,milove,49.3787,40.1302,5.83,74,15,2.52,UA,1662781077
494,azul,-36.777,-59.8585,4.08,69,0,2.4,AR,1662781078
495,dengzhou,37.8086,120.7508,25.87,51,64,4.17,CN,1662781079
496,nalbari,26.4456,91.4354,29.99,64,15,4.19,IN,1662781080
497,codrington,-38.2667,141.9667,11.79,65,82,7.83,AU,1662781081
498,ngukurr,,,,,,,,
499,ballina,-28.8667,153.5667,24.88,48,13,2.62,AU,1662781082
500,tando jam,25.4272,68.5362,35.75,40,6,0.56,PK,1662781083
501,asau,46.4333,26.4,16.51,93,61,1.23,RO,1662781084
502,bumba,2.1833,22.4667,20.25,99,100,1.08,CD,1662781085
503,bubaque,11.2833,-15.8333,26.67,82,49,4.59,GW,1662781086
504,namibe,-15.1961,12.1522,18.5,89,84,1.29,AO,1662781087
505,dzhebariki-khaya,62.2167,135.8,8.55,86,99,4.87,RU,1662781088
506,karlsfeld,48.2167,11.4667,13.01,89,58,3.48,DE,1662781089
507,pimentel,-6.8367,-79.9342,16.45,87,50,6.77,PE,1662781089
508,smoky lake,54.1169,-112.4686,9.4,71,70,1.03,CA,1662781090
509,veraval,20.9,70.3667,28.95,81,100,1.62,IN,1662781091
510,zilupe,56.3862,28.1217,3.61,79,93,2.42,LV,1662781092
511,lorengau,-2.0226,147.2712,29.54,69,99,4.48,PG,1662781093
512,shizuishan,39.2333,106.7694,23.31,39,2,3.76,CN,1662781094
513,bertoua,4.5833,13.6833,18.96,98,99,1.32,CM,1662781095
514,george,-33.963,22.4617,9.75,93,100,1.54,ZA,1662781095
515,caravelas,-17.7125,-39.2481,19.73,76,0,2.6,BR,1662781096
516,lac du bonnet,50.2536,-96.0612,10.58,59,17,1.6,CA,1662781097
517,inhambane,-23.865,35.3833,18.2,86,0,2.29,MZ,1662781098
518,maniitsoq,65.4167,-52.9,6.18,82,68,3.53,GL,1662781099
519,mont-de-marsan,44,-0.6667,15.06,93,0,1.54,FR,1662781100
520,bressanone,46.715,11.656,14.81,93,10,1.36,IT,1662781101
521,paso de carrasco,-34.8603,-56.0522,10.08,62,75,8.23,UY,1662781102
522,vanimo,-2.6741,141.3028,29.78,65,99,4.36,PG,1662781102
523,nynashamn,58.9034,17.9479,10.62,68,68,5.29,SE,1662781103
524,mandalgovi,45.7625,106.2708,27.67,11,0,5.62,MN,1662781104
525,mahibadhoo,3.7833,72.9667,27.47,79,83,5.66,MV,1662781106
526,dikson,73.5069,80.5464,2.92,73,92,1.87,RU,1662781106
527,chipinge,-20.1883,32.6236,11.59,59,0,1.33,ZW,1662781107
528,acarau,-2.8856,-40.12,24.9,81,3,7.34,BR,1662781108
529,coromandel,-18.4733,-47.2003,19.48,40,0,1.94,BR,1662781109
530,butterworth,5.3991,100.3638,31.02,73,20,3.6,MY,1662781110
531,mkokotoni,-5.8767,39.2547,22.35,88,65,2.41,TZ,1662781111
532,honiara,-9.4333,159.95,30.15,59,34,3.73,SB,1662781112
533,limon,10,-83.0333,25.59,82,55,1.78,CR,1662781113
534,pitea,65.3172,21.4794,3.05,81,18,2.68,SE,1662781114
535,santa barbara,34.7333,-120.0343,24.31,51,75,2.57,US,1662781115
536,morondava,-20.2833,44.2833,20.64,67,0,1.34,MG,1662781116
537,kommunar,59.6206,30.39,6.4,88,9,2.18,RU,1662781116
538,dunmore east,52.1514,-6.9861,14.82,64,15,2.07,IE,1662781117
539,morehead,37.2711,-87.1764,22.66,98,40,0,US,1662781118
540,beamsville,43.1668,-79.4829,21.79,91,0,1.54,CA,1662781119
541,strzegom,50.9626,16.3501,15.68,88,100,1.02,PL,1662781120
542,kendal,54.3268,-2.7476,14.77,91,100,3.64,GB,1662781121
543,hamilton,39.1834,-84.5333,23.88,86,0,0,US,1662780686
544,minab,27.1467,57.0801,30.04,60,0,1.11,IR,1662781122
545,rincon,32.296,-81.2354,23.81,99,75,1.54,US,1662781031
546,manakara,-22.1333,48.0167,18.12,83,2,1.21,MG,1662781123
547,palizada,18.25,-92.0833,24.2,95,100,0.66,MX,1662781124
548,viransehir,37.2353,39.7631,26.79,24,0,1.33,TR,1662781125
549,mazarron,37.5992,-1.3149,23.58,57,11,2.75,ES,1662781126
550,diego de almagro,-26.3667,-70.05,12.29,41,0,0.54,CL,1662781127
551,samokov,42.3333,23.55,15.93,84,76,1.94,BG,1662781128
552,isabela,6.7085,121.9711,31.03,66,98,0.78,PH,1662780941
553,voh,-20.9667,164.7,26.6,68,13,1.48,NC,1662781129
554,jiaonan,35.8786,119.9753,25.53,56,6,2.8,CN,1662781130
555,lakatoro,-16.0999,167.4164,27.96,69,44,6.61,VU,1662781131
556,chumphon,10.3333,98.8333,25.27,84,100,2.29,TH,1662781132
557,katherine,-14.4667,132.2667,34.18,40,40,2.57,AU,1662781132
558,isangel,-19.55,169.2667,30.06,62,75,2.06,VU,1662781133
559,warri,5.5167,5.75,23.7,91,86,2.1,NG,1662781134
560,ostersund,63.1792,14.6357,7.25,87,9,3.09,SE,1662781135
561,beringovskiy,63.05,179.3167,9.04,77,100,0.71,RU,1662781136
562,werda,-25.2667,23.2833,17.89,26,0,4.23,BW,1662781137
563,richards bay,-28.783,32.0377,19.54,91,60,1.3,ZA,1662781137
564,turbe,44.2436,17.5714,14.3,94,1,1.2,BA,1662781138
565,tawnat,,,,,,,,
566,foxton,-40.4667,175.3,14.96,74,100,4.45,NZ,1662781140
567,bundaberg,-24.85,152.35,25.29,37,4,2.22,AU,1662781141
568,necochea,-38.5473,-58.7368,4.98,78,6,5.04,AR,1662781036
569,shevchenkove,49.6959,37.1735,6.31,70,76,3.84,UA,1662781142
570,cap malheureux,-19.9842,57.6142,21.37,70,84,2.68,MU,1662781143
571,kristianstad,56.0313,14.1524,14.08,97,75,2.06,SE,1662781144
572,poya,-21.35,165.15,25.86,69,30,0.23,NC,1662781145
573,yaring,6.8662,101.3689,27.94,58,100,2.73,TH,1662781146
574,the valley,18.217,-63.0578,28.92,78,96,5.27,AI,1662781147
575,joao pinheiro,-17.7425,-46.1725,20.21,38,0,2.31,BR,1662781148
576,orsk,51.2049,58.5668,7.5,93,75,2,RU,1662781139
577,raga,8.4596,25.678,19.63,98,91,1.63,SS,1662781149
578,arman,59.7,150.1667,12.79,84,100,1.35,RU,1662781150
579,kununurra,-15.7667,128.7333,33.99,36,2,2.57,AU,1662781151
580,rajmahal,25.05,87.8333,32.27,64,75,2.53,IN,1662781152
581,tanete,-3.9443,119.7848,33.07,46,11,3.91,ID,1662781153
582,estelle,29.8458,-90.1067,25,82,75,2.06,US,1662781154
583,nanortalik,60.1432,-45.2371,6.94,80,100,3.67,GL,1662781155
584,saint-augustin,51.226,-58.6502,12.95,81,7,3.04,CA,1662781156
585,yanan,,,,,,,,
586,gambela,8.25,34.5833,20.98,92,91,0.87,ET,1662781158
587,buchanan,5.8808,-10.0467,24.5,84,87,3.83,LR,1662781158
588,inuvik,68.3499,-133.7218,11.48,66,100,4.63,CA,1662781159
589,atar,20.5169,-13.0499,30.57,46,90,0.67,MR,1662781160
590,ugoofaaru,5.6667,73,27.28,83,92,6.08,MV,1662781161
591,chapais,49.7834,-74.8492,17.88,71,5,3.16,CA,1662781162
592,sal rei,16.1833,-22.9167,26.79,84,7,4.95,CV,1662781163
593,palauig,15.435,119.9045,29.62,73,46,3.21,PH,1662781164
594,dakar,14.6937,-17.4441,27.68,78,51,3.35,SN,1662781164
595,aranos,-24.1333,19.1167,15.37,16,0,1.28,NA,1662781165
596,vallenar,-28.5708,-70.7581,13.79,59,0,0.73,CL,1662781166
597,evensk,61.95,159.2333,10.44,72,99,2.46,RU,1662781167
598,vyartsilya,62.1764,30.693,7.01,100,98,1.81,RU,1662781168
599,keansburg,40.4418,-74.1299,21.99,84,0,0.45,US,1662781169
600,kolosovka,56.4678,73.611,10.33,73,19,2.8,RU,1662781170
